<?xml version="1.0" encoding="UTF-8"?>
<project-private xmlns="http://www.netbeans.org/ns/project-private/1">
    <editor-bookmarks xmlns="http://www.netbeans.org/ns/editor-bookmarks/2" lastBookmarkId="0"/>
    <open-files xmlns="http://www.netbeans.org/ns/projectui-open-files/2">
        <group>
            <file>file:/C:/OOP/BookIn/BookIn/src/GUI/Homepage.java</file>
            <file>file:/C:/OOP/BookIn/BookIn/src/project/ConnectionProvider.java</file>
            <file>file:/C:/OOP/BookIn/BookIn/src/project/Tables.java</file>
            <file>file:/C:/OOP/BookIn/BookIn/src/GUI/Signup.java</file>
            <file>file:/C:/OOP/BookIn/BookIn/src/GUI/Booking.java</file>
            <file>file:/C:/OOP/BookIn/BookIn/src/GUI/CheckIn.java</file>
            <file>file:/C:/OOP/BookIn/BookIn/src/GUI/Login.java</file>
            <file>file:/C:/OOP/BookIn/BookIn/src/GUI/Superadmin.java</file>
            <file>file:/C:/OOP/BookIn/BookIn/src/project/InsertUpdateDelete.java</file>
            <file>file:/C:/OOP/BookIn/BookIn/src/GUI/Rooms.java</file>
            <file>file:/C:/OOP/BookIn/BookIn/src/GUI/CheckOut.java</file>
            <file>file:/C:/OOP/BookIn/BookIn/src/project/Select.java</file>
        </group>
    </open-files>
</project-private>
